enrichment,trial_expose,session,trial_tot,subject,date,time,exp_prog,group,box,c_IL_sub_pk,c_IL_opt_pk,c_TLA_pk,c_TLB_pk,c_TLC_pk,c_TLD_pk,c_food_sub_count,c_BO_sub_count,c_food_opt_count,c_BO_opt_count,fe_lat_sub_sum,fe_IL_sub_pks,fe_TLA_sub_pks,fe_TLB_sub_pks,fe_food_sub_count,fe_BO_sub_count,fe_lat_sub_count,fe_lat_opt_sum,fe_IL_opt_pks,fe_TLA_opt_pks,fe_TLB_opt_pks,fe_food_opt_count,fe_BO_opt_count,fe_lat_opt_count
Isolated,Forced Exposure,1,80,6163,230326,150118,S23 FE exp,100% FE Top Left Isolation,1,0,0,0,0,0,0,0,0,0,0,15549,40,282,119,20,20,39,1279,40,403,306,40,0,39
Isolated,Forced Exposure,2,80,6163,230327,151223,S23 FE exp,100% FE Top Left Isolation,1,0,0,0,0,0,0,0,0,0,0,6428,40,226,130,20,20,38,2146,40,68,87,40,0,39
Isolated,Forced Exposure,3,80,6163,230328,151144,S23 FE exp,100% FE Top Left Isolation,1,0,0,0,0,0,0,0,0,0,0,4214,40,99,39,20,20,37,2194,40,52,39,40,0,37
Isolated,Forced Exposure,4,80,6163,230329,165833,S23 FE exp,100% FE Top Left Isolation,1,0,0,0,0,0,0,0,0,0,0,4832,40,82,50,20,20,38,1110,40,37,29,40,0,38
Isolated,Forced Exposure,5,80,6163,230330,151128,S23 FE exp,100% FE Top Left Isolation,1,0,0,0,0,0,0,0,0,0,0,4395,40,40,3,20,20,33,3641,40,14,14,40,0,33
Isolated,Forced Exposure,6,80,6163,230401,143518,S23 FE exp,100% FE Top Left Isolation,1,0,0,0,0,0,0,0,0,0,0,3404,40,26,3,20,20,35,5755,40,6,10,40,0,36
Isolated,Forced Exposure,7,80,6163,230402,150739,S23 FE exp,100% FE Top Left Isolation,1,0,0,0,0,0,0,0,0,0,0,1852,40,32,1,20,20,35,7334,40,5,6,40,0,35
Isolated,Forced Exposure,8,80,6163,230403,154317,S23 FE exp,100% FE Top Left Isolation,1,0,0,0,0,0,0,0,0,0,0,4201,40,24,20,20,20,34,3505,40,14,24,40,0,34
Isolated,Forced Exposure,9,80,6163,230404,133843,S23 FE exp,100% FE Top Left Isolation,1,0,0,0,0,0,0,0,0,0,0,1612,40,21,3,20,20,35,7845,40,18,15,40,0,36
Isolated,Forced Exposure,10,69,6163,230405,170447,S23 FE exp,100% FE Top Left Isolation,1,0,0,0,0,0,0,0,0,0,0,13955,34,38,14,17,17,31,10175,34,38,26,34,0,31
Isolated,Forced Exposure,11,80,6163,230406,,,,1,20,60,10,7,49,23,10,10,60,0,0,0,0,0,0,0,0,0,0,0,0,0,0,0
Isolated,Forced Exposure,12,80,6163,230407,123830,S23 FE exp,100% FE Top Left Isolation,1,0,0,0,0,0,0,0,0,0,0,8070,40,21,1,20,20,38,3354,40,12,2,40,0,39
Isolated,Forced Exposure,13,80,6163,230408,150403,S23 FE exp,100% FE Top Left Isolation,1,0,0,0,0,0,0,0,0,0,0,2407,40,20,6,20,20,37,4747,40,10,11,40,0,36
Isolated,Forced Exposure,14,80,6163,230409,144057,S23 FE exp,100% FE Top Left Isolation,1,0,0,0,0,0,0,0,0,0,0,3993,40,39,12,20,20,36,3354,40,13,9,40,0,34
Isolated,Forced Exposure,15,80,6163,230406,140857,S23 FE exp,100% FE Top Left Isolation,1,0,0,0,0,0,0,0,0,0,0,1706,40,20,6,20,20,37,4050,40,18,14,40,0,37
Isolated,Forced Exposure,16,80,6163,230411,141814,S23 FE exp,100% FE Top Left Isolation,1,0,0,0,0,0,0,0,0,0,0,2981,40,31,6,20,20,35,3540,40,16,3,40,0,35
Isolated,Forced Exposure,17,80,6163,230412,142638,S23 FE exp,100% FE Top Left Isolation,1,0,0,0,0,0,0,0,0,0,0,2200,40,29,2,20,20,34,5629,40,25,4,40,0,35
Isolated,Forced Exposure,18,80,6163,230413,143624,S23 FE exp,100% FE Top Left Isolation,1,0,0,0,0,0,0,0,0,0,0,982,40,32,2,20,20,35,6035,40,20,10,40,0,37
Isolated,Forced Exposure,19,80,6163,230414,135845,S23 FE exp,100% FE Top Left Isolation,1,0,0,0,0,0,0,0,0,0,0,2137,40,37,8,20,20,33,7685,40,24,19,40,0,34
Isolated,Forced Exposure,20,80,6163,230415,134126,S23 FE exp,100% FE Top Left Isolation,1,0,0,0,0,0,0,0,0,0,0,4734,40,21,3,20,20,34,4457,40,15,15,40,0,31
Isolated,Forced Exposure,21,80,6163,230416,135846,S23 FE exp,100% FE Top Left Isolation,1,0,0,0,0,0,0,0,0,0,0,812,40,21,3,20,20,35,4881,40,19,17,40,0,37
Isolated,Forced Exposure,22,80,6163,230417,,,,1,29,51,23,14,20,39,14,15,51,0,0,0,0,0,0,0,0,0,0,0,0,0,0,0
Isolated,Forced Exposure,1,80,822,230214,161941,S23 FE exp ,100% FE Top Left Isolation,1,0,0,0,0,0,0,0,0,0,0,2206,40,1098,380,20,20,39,567,40,1243,723,40,0,38
Isolated,Forced Exposure,2,80,822,230215,165015,S23 FE exp ,100% FE Top Left Isolation,1,0,0,0,0,0,0,0,0,0,0,1576,40,937,27,20,20,39,605,40,675,510,40,0,38
Isolated,Forced Exposure,3,80,822,230216,155931,S23 FE exp ,100% FE Top Left Isolation,1,0,0,0,0,0,0,0,0,0,0,613,40,843,10,20,20,40,453,40,664,443,40,0,40
Isolated,Forced Exposure,4,80,822,230217,160345,S23 FE exp ,100% FE Top Left Isolation,1,0,0,0,0,0,0,0,0,0,0,443,40,1717,6,20,20,40,438,40,1010,734,40,0,40
Isolated,Forced Exposure,5,80,822,230218,174312,S23 FE exp ,100% FE Top Left Isolation,1,0,0,0,0,0,0,0,0,0,0,317,40,1194,50,20,20,40,441,40,957,612,40,0,40
Isolated,Forced Exposure,6,80,822,230219,170025,S23 FE exp ,100% FE Top Left Isolation,1,0,0,0,0,0,0,0,0,0,0,1523,40,1347,205,20,20,39,381,40,862,434,40,0,38
Isolated,Forced Exposure,7,80,822,230220,164201,S23 FE exp ,100% FE Top Left Isolation,1,0,0,0,0,0,0,0,0,0,0,3373,40,759,125,20,20,37,512,40,383,261,40,0,36
Isolated,Forced Exposure,8,80,822,230221,160123,S23 FE exp ,100% FE Top Left Isolation,1,0,0,0,0,0,0,0,0,0,0,1650,40,921,13,20,20,39,659,40,390,189,40,0,39
Isolated,Forced Exposure,9,80,822,230222,155541,S23 FE exp,100% FE Top Left Isolation ,1,0,0,0,0,0,0,0,0,0,0,3296,40,436,9,20,20,38,1938,40,207,61,40,0,37
Isolated,Forced Exposure,10,80,822,230223,190424,S23 FE exp ,100% FE Top Left Isolation,1,0,0,0,0,0,0,0,0,0,0,1661,40,335,4,20,20,39,398,40,164,64,40,0,38
Isolated,Forced Exposure,11,80,822,230224,,S23 FE exp,100% FE Top Left,1,17,63,27,5,68,46,8,9,63,0,0,0,0,0,0,0,0,0,0,0,0,0,0,0
Isolated,Forced Exposure,12,80,822,230225,145357,S23 FE exp ,100% FE Top Left Isolation,1,0,0,0,0,0,0,0,0,0,0,4262,40,61,26,20,20,37,1600,40,48,93,40,0,35
Isolated,Forced Exposure,13,80,822,230226,172407,S23 FE exp ,100% FE Top Left Isolation,1,0,0,0,0,0,0,0,0,0,0,1095,40,142,5,20,20,39,2627,40,134,140,40,0,39
Isolated,Forced Exposure,14,80,822,230227,162511,S23 FE exp ,100% FE Top Left Isolation,1,0,0,0,0,0,0,0,0,0,0,3627,40,174,6,20,20,35,2933,40,54,76,40,0,36
Isolated,Forced Exposure,15,80,822,230228,160956,S23 FE exp ,100% FE Top Left Isolation,1,0,0,0,0,0,0,0,0,0,0,1643,40,215,8,20,20,37,2901,40,98,58,40,0,38
Isolated,Forced Exposure,16,80,822,230301,160031,S23 FE exp ,100% FE Top Left Isolation,1,0,0,0,0,0,0,0,0,0,0,2123,40,100,1,20,20,38,2763,40,33,37,40,0,40
Isolated,Forced Exposure,17,80,822,230302,160510,S23 FE exp ,100% FE Top Left Isolation,1,0,0,0,0,0,0,0,0,0,0,1619,40,233,3,20,20,38,1519,40,29,21,40,0,40
Isolated,Forced Exposure,18,80,822,230303,153307,S23 FE exp ,100% FE Top Left Isolation,1,0,0,0,0,0,0,0,0,0,0,945,40,148,5,20,20,33,5158,40,77,50,40,0,36
Isolated,Forced Exposure,19,80,822,230304,173910,S23 FE exp ,100% FE Top Left Isolation,1,0,0,0,0,0,0,0,0,0,0,945,40,400,13,20,20,40,1331,40,397,194,40,0,40
Isolated,Forced Exposure,20,80,822,230305,162504,S23 FE exp ,100% FE Top Left Isolation,1,0,0,0,0,0,0,0,0,0,0,2064,40,199,23,20,20,40,1022,40,125,109,40,0,40
Isolated,Forced Exposure,21,80,822,230306,160040,S23 FE exp ,100% FE Top Left Isolation,1,0,0,0,0,0,0,0,0,0,0,5119,40,66,3,20,20,31,3678,40,35,54,40,0,34
Isolated,Forced Exposure,22,80,822,230307,,,,1,20,60,7,1,26,63,10,10,60,0,0,0,0,0,0,0,0,0,0,0,0,0,0,0
Isolated,Forced Exposure,1,80,722,230214,161941,S23 FE exp ,100% FE Top Center Isolation,2,0,0,0,0,0,0,0,0,0,0,1902,40,236,106,20,20,36,5101,40,75,188,40,0,38
Isolated,Forced Exposure,2,80,722,230215,165015,S23 FE exp ,100% FE Top Center Isolation,2,0,0,0,0,0,0,0,0,0,0,4045,40,174,42,20,20,38,6445,40,43,77,40,0,38
Isolated,Forced Exposure,3,80,722,230216,155931,S23 FE exp ,100% FE Top Center Isolation,2,0,0,0,0,0,0,0,0,0,0,1688,40,96,12,20,20,39,1218,40,14,126,40,0,40
Isolated,Forced Exposure,4,80,722,230217,160345,S23 FE exp ,100% FE Top Center Isolation,2,0,0,0,0,0,0,0,0,0,0,3059,40,152,3,20,20,36,3046,40,61,54,40,0,34
Isolated,Forced Exposure,5,80,722,230218,174312,S23 FE exp ,100% FE Top Center Isolation,2,0,0,0,0,0,0,0,0,0,0,2745,40,135,14,20,20,37,2194,40,70,59,40,0,37
Isolated,Forced Exposure,6,80,722,230219,170026,S23 FE exp ,100% FE Top Center Isolation,2,0,0,0,0,0,0,0,0,0,0,1283,40,105,1,20,20,36,5747,40,17,25,40,0,35
Isolated,Forced Exposure,7,80,722,230220,164201,S23 FE exp ,100% FE Top Center Isolation,2,0,0,0,0,0,0,0,0,0,0,3659,40,67,2,20,20,38,1906,40,20,34,40,0,37
Isolated,Forced Exposure,8,80,722,230221,160123,S23 FE exp ,100% FE Top Center Isolation,2,0,0,0,0,0,0,0,0,0,0,1707,40,29,1,20,20,39,3193,40,16,8,40,0,38
Isolated,Forced Exposure,9,80,722,230222,155610,S23 FE exp,100% FE Top Center Isolation ,2,0,0,0,0,0,0,0,0,0,0,9027,40,15,6,20,20,36,3092,40,26,4,40,0,36
Isolated,Forced Exposure,10,80,722,230223,190424,S23 FE exp ,100% FE Top Center Isolation,2,0,0,0,0,0,0,0,0,0,0,9046,40,51,13,20,20,38,4498,40,67,21,40,0,34
Isolated,Forced Exposure,11,80,722,230224,,S23 FE exp,100% FE Top Center,2,21,31,18,2,31,34,8,13,31,0,0,0,0,0,0,0,0,0,0,0,0,0,0,0
Isolated,Forced Exposure,12,80,722,230225,145357,S23 FE exp ,100% FE Top Center Isolation,2,0,0,0,0,0,0,0,0,0,0,4989,40,27,3,20,20,36,2636,40,25,1,40,0,38
Isolated,Forced Exposure,13,80,722,230226,172407,S23 FE exp ,100% FE Top Center Isolation,2,0,0,0,0,0,0,0,0,0,0,4941,40,14,2,20,20,34,3750,40,14,9,40,0,35
Isolated,Forced Exposure,14,80,722,230227,162511,S23 FE exp ,100% FE Top Center Isolation,2,0,0,0,0,0,0,0,0,0,0,4324,40,19,5,20,20,31,8372,40,25,7,40,0,34
Isolated,Forced Exposure,15,80,722,230228,160956,S23 FE exp ,100% FE Top Center Isolation,2,0,0,0,0,0,0,0,0,0,0,3105,40,21,1,20,20,37,4792,40,29,11,40,0,36
Isolated,Forced Exposure,16,80,722,230301,160031,S23 FE exp ,100% FE Top Center Isolation,2,0,0,0,0,0,0,0,0,0,0,3880,40,27,0,20,20,35,6135,40,32,14,40,0,36
Isolated,Forced Exposure,17,80,722,230302,160510,S23 FE exp ,100% FE Top Center Isolation,2,0,0,0,0,0,0,0,0,0,0,12504,40,26,0,20,20,29,3811,40,23,9,40,0,31
Isolated,Forced Exposure,18,80,722,230303,153307,S23 FE exp ,100% FE Top Center Isolation,2,0,0,0,0,0,0,0,0,0,0,4531,40,15,0,20,20,36,4306,40,22,5,40,0,35
Isolated,Forced Exposure,19,80,722,230304,173910,S23 FE exp ,100% FE Top Center Isolation,2,0,0,0,0,0,0,0,0,0,0,4732,40,16,0,20,20,37,3590,40,21,5,40,0,34
Isolated,Forced Exposure,20,80,722,230305,162504,S23 FE exp ,100% FE Top Center Isolation,2,0,0,0,0,0,0,0,0,0,0,3902,40,17,1,20,20,35,4965,40,19,4,40,0,38
Isolated,Forced Exposure,21,80,722,230306,160040,S23 FE exp ,100% FE Top Center Isolation,2,0,0,0,0,0,0,0,0,0,0,1283,40,23,0,20,20,36,5863,40,27,5,40,0,38
Isolated,Forced Exposure,22,0,722,0,0,0,0,8,69,11,31,1,6,3,35,34,11,0,0,0,0,0,0,0,0,0,0,0,0,0,0,0
Enriched,Forced Exposure,1,80,2,230214,161941,S23 FE exp,100% FE Top Right Enrichment,3,0,0,0,0,0,0,0,0,0,0,2304,40,812,347,20,20,40,958,40,291,1013,40,0,39
Enriched,Forced Exposure,2,80,2,230215,165015,S23 FE exp,100% FE Top Right Enrichment,3,0,0,0,0,0,0,0,0,0,0,4736,40,417,66,20,20,37,843,40,466,1075,40,0,37
Enriched,Forced Exposure,3,80,2,230216,155931,S23 FE exp,100% FE Top Right Enrichment,3,0,0,0,0,0,0,0,0,0,0,4659,40,228,18,20,20,37,389,40,560,737,40,0,36
Enriched,Forced Exposure,4,80,2,230217,160345,S23 FE exp,100% FE Top Right Enrichment,3,0,0,0,0,0,0,0,0,0,0,931,40,225,20,20,20,39,1006,40,819,871,40,0,40
Enriched,Forced Exposure,5,80,2,230218,174312,S23 FE exp,100% FE Top Right Enrichment,3,0,0,0,0,0,0,0,0,0,0,859,40,254,4,20,20,39,583,40,1025,1099,40,0,40
Enriched,Forced Exposure,6,80,2,230219,170026,S23 FE exp,100% FE Top Right Enrichment,3,0,0,0,0,0,0,0,0,0,0,345,40,266,6,20,20,40,681,40,669,943,40,0,40
Enriched,Forced Exposure,7,80,2,230220,164201,S23 FE exp,100% FE Top Right Enrichment,3,0,0,0,0,0,0,0,0,0,0,3051,40,156,1,20,20,38,726,40,719,968,40,0,36
Enriched,Forced Exposure,8,80,2,230221,160123,S23 FE exp,100% FE Top Right Enrichment,3,0,0,0,0,0,0,0,0,0,0,4664,40,76,2,20,20,37,474,40,453,1082,40,0,35
Enriched,Forced Exposure,9,80,2,230222,155703,S23 FE exp,100% FE Top Right Enrichment,3,0,0,0,0,0,0,0,0,0,0,3503,40,283,614,20,20,38,3803,40,116,1,40,0,36
Enriched,Forced Exposure,10,80,2,230223,190424,S23 FE exp,100% FE Top Right Enrichment,3,0,0,0,0,0,0,0,0,0,0,8763,40,97,2,20,20,36,4078,40,429,812,40,0,38
Enriched,Forced Exposure,11,20,2,230224,,S23 FE exp,100% FE Top Right Enrichment,3,65,15,365,2,119,211,32,33,15,0,0,0,0,0,0,0,0,0,0,0,0,0,0,0
Enriched,Forced Exposure,12,80,2,230225,145357,S23 FE exp,100% FE Top Right Enrichment,3,0,0,0,0,0,0,0,0,0,0,4639,40,294,0,20,20,39,3217,40,726,882,40,0,38
Enriched,Forced Exposure,13,80,2,230226,172407,S23 FE exp,100% FE Top Right Enrichment,3,0,0,0,0,0,0,0,0,0,0,3129,40,177,1,20,20,38,1770,40,726,888,40,0,36
Enriched,Forced Exposure,14,80,2,230227,162511,S23 FE exp,100% FE Top Right Enrichment,3,0,0,0,0,0,0,0,0,0,0,1889,40,91,1,20,20,39,4633,40,838,903,40,0,38
Enriched,Forced Exposure,15,80,2,230228,160956,S23 FE exp,100% FE Top Right Enrichment,3,0,0,0,0,0,0,0,0,0,0,4591,40,202,9,20,20,37,459,40,761,987,40,0,37
Enriched,Forced Exposure,16,80,2,230301,160032,S23 FE exp,100% FE Top Right Enrichment,3,0,0,0,0,0,0,0,0,0,0,1922,40,179,36,20,20,39,3287,40,639,636,40,0,39
Enriched,Forced Exposure,17,80,2,230302,160510,S23 FE exp,100% FE Top Right Enrichment,3,0,0,0,0,0,0,0,0,0,0,1227,40,154,14,20,20,38,2009,40,837,803,40,0,40
Enriched,Forced Exposure,18,80,2,230303,153307,S23 FE exp,100% FE Top Right Enrichment,3,0,0,0,0,0,0,0,0,0,0,1405,40,122,11,20,20,40,1200,40,880,897,40,0,40
Enriched,Forced Exposure,19,80,2,230304,173910,S23 FE exp,100% FE Top Right Enrichment,3,0,0,0,0,0,0,0,0,0,0,746,40,211,1,20,20,40,2688,40,808,1017,40,0,39
Enriched,Forced Exposure,20,80,2,230305,162504,S23 FE exp,100% FE Top Right Enrichment,3,0,0,0,0,0,0,0,0,0,0,759,40,330,3,20,20,40,2244,40,880,1102,40,0,40
Enriched,Forced Exposure,21,80,2,230306,160040,S23 FE exp,100% FE Top Right Enrichment,3,0,0,0,0,0,0,0,0,0,0,2003,40,533,0,20,20,38,2232,40,1028,1030,40,0,39
Enriched,Forced Exposure,22,80,2,,,,,3,61,19,839,1,494,480,30,31,19,0,0,0,0,0,0,0,0,0,0,0,0,0,0,0
Enriched,Forced Exposure,1,80,799,230214,161942,S23 FE exp,100% FE Bottom Left Enrichment,5,0,0,0,0,0,0,0,0,0,0,1598,40,475,273,20,20,40,2076,40,600,385,40,0,40
Enriched,Forced Exposure,2,80,799,230215,165015,S23 FE exp,100% FE Bottom Left Enrichment,5,0,0,0,0,0,0,0,0,0,0,1289,40,285,24,20,20,40,1203,40,427,304,40,0,40
Enriched,Forced Exposure,3,80,799,230216,155931,S23 FE exp,100% FE Bottom Left Enrichment,5,0,0,0,0,0,0,0,0,0,0,1701,40,386,55,20,20,38,2944,40,178,159,40,0,40
Enriched,Forced Exposure,4,80,799,230217,160345,S23 FE exp,100% FE Bottom Left Enrichment,5,0,0,0,0,0,0,0,0,0,0,1368,40,319,28,20,20,38,989,40,347,177,40,0,40
Enriched,Forced Exposure,5,80,799,230218,174312,S23 FE exp,100% FE Bottom Left Enrichment,5,0,0,0,0,0,0,0,0,0,0,2006,40,330,4,20,20,38,1096,40,392,317,40,0,38
Enriched,Forced Exposure,6,80,799,230219,170026,S23 FE exp,100% FE Bottom Left Enrichment,5,0,0,0,0,0,0,0,0,0,0,1585,40,567,5,20,20,39,1067,40,525,282,40,0,38
Enriched,Forced Exposure,7,80,799,230220,164201,S23 FE exp,100% FE Bottom Left Enrichment,5,0,0,0,0,0,0,0,0,0,0,3755,40,397,3,20,20,37,841,40,452,313,40,0,35
Enriched,Forced Exposure,8,80,799,230221,160123,S23 FE exp,100% FE Bottom Left Enrichment,5,0,0,0,0,0,0,0,0,0,0,4917,40,345,0,20,20,35,924,40,246,252,40,0,35
Enriched,Forced Exposure,9,80,799,230222,155840,S23 FE exp,100% FE Bottom Left Enrichment,5,0,0,0,0,0,0,0,0,0,0,2483,40,324,53,20,20,38,1498,40,278,235,40,0,38
Enriched,Forced Exposure,10,80,799,230223,190424,S23 FE exp,100% FE Bottom Left Enrichment,5,0,0,0,0,0,0,0,0,0,0,6608,40,239,52,20,20,38,4110,40,248,257,40,0,38
Enriched,Forced Exposure,11,20,799,230224,,S23 FE exp,100% FE Bottom Left Enrichment,5,58,22,547,8,85,78,28,30,22,0,0,0,0,0,0,0,0,0,0,0,0,0,0,0
Enriched,Forced Exposure,12,80,799,230225,145357,S23 FE exp,100% FE Bottom Left Enrichment,5,0,0,0,0,0,0,0,0,0,0,4095,40,382,1,20,20,38,3152,40,133,136,40,0,38
Enriched,Forced Exposure,13,80,799,230226,172407,S23 FE exp,100% FE Bottom Left Enrichment,5,0,0,0,0,0,0,0,0,0,0,3575,40,391,5,20,20,39,3474,40,172,135,40,0,37
Enriched,Forced Exposure,14,80,799,230227,162511,S23 FE exp,100% FE Bottom Left Enrichment,5,0,0,0,0,0,0,0,0,0,0,2736,40,560,1,20,20,38,9363,40,203,175,40,0,38
Enriched,Forced Exposure,15,80,799,230228,160956,S23 FE exp,100% FE Bottom Left Enrichment,5,0,0,0,0,0,0,0,0,0,0,959,40,376,3,20,20,38,5150,40,202,121,40,0,39
Enriched,Forced Exposure,16,80,799,230301,160032,S23 FE exp,100% FE Bottom Left Enrichment,5,0,0,0,0,0,0,0,0,0,0,1689,40,397,60,20,20,38,3680,40,204,131,40,0,38
Enriched,Forced Exposure,17,80,799,230302,160510,S23 FE exp,100% FE Bottom Left Enrichment,5,0,0,0,0,0,0,0,0,0,0,1006,40,463,4,20,20,40,6492,40,160,101,40,0,40
Enriched,Forced Exposure,18,80,799,230303,153308,S23 FE exp,100% FE Bottom Left Enrichment,5,0,0,0,0,0,0,0,0,0,0,1785,40,337,14,20,20,40,8166,40,188,135,40,0,40
Enriched,Forced Exposure,19,80,799,230303,153308,S23 FE exp,100% FE Bottom Left Enrichment,5,0,0,0,0,0,0,0,0,0,0,1785,40,337,14,20,20,40,8166,40,188,135,40,0,40
Enriched,Forced Exposure,20,80,799,230305,162504,S23 FE exp,100% FE Bottom Left Enrichment,5,0,0,0,0,0,0,0,0,0,0,2331,40,451,6,20,20,39,4683,40,211,215,40,0,38
Enriched,Forced Exposure,21,80,799,230306,160040,S23 FE exp,100% FE Bottom Left Enrichment,5,0,0,0,0,0,0,0,0,0,0,1333,40,517,26,20,20,38,3195,40,187,215,40,0,40
Enriched,Forced Exposure,22,80,799,,,,,5,71,9,750,11,50,73,35,36,9,0,0,0,0,0,0,0,0,0,0,0,0,0,0,0
Enriched,Forced Exposure,1,66,8,230326,150118,S23 FE exp,100% FE Top Center Enriched,2,0,0,0,0,0,0,0,0,0,0,11109,32,577,396,16,16,32,1487,33,594,950,33,0,33
Enriched,Forced Exposure,2,71,8,230327,151223,S23 FE exp,100% FE Top Center Enriched,2,0,0,0,0,0,0,0,0,0,0,16332,35,1179,45,17,18,35,786,35,827,905,35,0,35
Enriched,Forced Exposure,3,80,8,230328,151144,S23 FE exp,100% FE Top Center Enriched,2,0,0,0,0,0,0,0,0,0,0,9873,40,1289,27,20,20,40,543,40,765,744,40,0,40
Enriched,Forced Exposure,4,80,8,230329,165833,S23 FE exp,100% FE Top Center Enriched,2,0,0,0,0,0,0,0,0,0,0,5321,40,1379,29,20,20,39,516,40,934,901,40,0,40
Enriched,Forced Exposure,5,78,8,230330,151128,S23 FE exp,100% FE Top Center Enriched,2,0,0,0,0,0,0,0,0,0,0,17213,38,1197,11,19,19,37,539,39,771,1017,39,0,38
Enriched,Forced Exposure,6,80,8,230401,143518,S23 FE exp,100% FE Top Center Enriched,2,0,0,0,0,0,0,0,0,0,0,4334,40,1355,15,20,20,39,898,40,1212,1144,40,0,40
Enriched,Forced Exposure,7,80,8,230402,150739,S23 FE exp,100% FE Top Center Enriched,2,0,0,0,0,0,0,0,0,0,0,4074,40,1180,41,20,20,39,1382,40,842,830,40,0,39
Enriched,Forced Exposure,8,80,8,230403,154317,S23 FE exp,100% FE Top Center Enriched,2,0,0,0,0,0,0,0,0,0,0,5318,40,1124,20,20,20,38,1039,40,912,762,40,0,38
Enriched,Forced Exposure,9,80,8,230404,133843,S23 FE exp,100% FE Top Center Enriched,2,0,0,0,0,0,0,0,0,0,0,17395,40,1122,8,20,20,39,1238,40,818,742,40,0,38
Enriched,Forced Exposure,10,80,8,230405,170447,S23 FE exp,100% FE Top Center Enriched,2,0,0,0,0,0,0,0,0,0,0,12888,40,752,8,20,20,39,4524,40,648,605,40,0,39
Enriched,Forced Exposure,11,80,8,230406,,,,2,18,62,139,4,585,507,9,9,62,0,0,0,0,0,0,0,0,0,0,0,0,0,0,0
Enriched,Forced Exposure,12,77,8,230407,123830,S23 FE exp,100% FE Top Center Enriched,2,0,0,0,0,0,0,0,0,0,0,32658,38,810,3,19,19,37,15263,38,468,638,38,0,36
Enriched,Forced Exposure,13,80,8,230408,150403,S23 FE exp,100% FE Top Center Enriched,2,0,0,0,0,0,0,0,0,0,0,4521,40,939,8,20,20,37,1968,40,601,531,40,0,36
Enriched,Forced Exposure,14,80,8,230409,144057,S23 FE exp,100% FE Top Center Enriched,2,0,0,0,0,0,0,0,0,0,0,3809,40,441,3,20,20,38,1564,40,396,382,40,0,39
Enriched,Forced Exposure,15,69,8,230410,140857,S23 FE exp,100% FE Top Center Enriched,2,0,0,0,0,0,0,0,0,0,0,7075,34,602,6,16,18,34,38658,34,410,519,34,0,34
Enriched,Forced Exposure,16,80,8,230411,141814,S23 FE exp,100% FE Top Center Enriched,2,0,0,0,0,0,0,0,0,0,0,6611,40,523,9,20,20,38,2458,40,228,393,40,0,38
Enriched,Forced Exposure,17,80,8,230412,142638,S23 FE exp,100% FE Top Center Enriched,2,0,0,0,0,0,0,0,0,0,0,23907,40,532,5,20,20,38,2613,40,304,367,40,0,38
Enriched,Forced Exposure,18,80,8,230413,143624,S23 FE exp,100% FE Top Center Enriched,2,0,0,0,0,0,0,0,0,0,0,3082,40,445,6,20,20,39,1117,40,508,357,40,0,39
Enriched,Forced Exposure,19,80,8,230414,135845,S23 FE exp,100% FE Top Center Enriched,2,0,0,0,0,0,0,0,0,0,0,6995,40,356,3,20,20,38,1673,40,437,242,40,0,36
Enriched,Forced Exposure,20,80,8,230415,134126,S23 FE exp,100% FE Top Center Enriched,2,0,0,0,0,0,0,0,0,0,0,3144,40,521,3,20,20,40,2488,40,463,442,40,0,40
Enriched,Forced Exposure,21,80,8,230416,135846,S23 FE exp,100% FE Top Center Enriched,2,0,0,0,0,0,0,0,0,0,0,5197,40,483,4,20,20,37,2451,40,601,483,40,0,36
Enriched,Forced Exposure,22,80,8,230417,,,,2,32,48,558,6,616,439,17,15,48,0,0,0,0,0,0,0,0,0,0,0,0,0,0,0
Isolated,Choice,1,80,6159,230326,150118,S23 FE exp,0% FE Top Right Isolation,3,20,60,2,5,572,327,10,10,60,0,0,0,0,0,0,0,0,0,0,0,0,0,0,0
Isolated,Choice,2,80,6159,230327,151223,S23 FE exp,0% FE Top Right Isolation,3,28,52,58,72,113,61,14,14,52,0,0,0,0,0,0,0,0,0,0,0,0,0,0,0
Isolated,Choice,3,80,6159,230328,151144,S23 FE exp,0% FE Top Right Isolation,3,9,71,70,0,53,68,4,5,71,0,0,0,0,0,0,0,0,0,0,0,0,0,0,0
Isolated,Choice,4,78,6159,230329,165833,S23 FE exp,0% FE Top Right Isolation,3,5,72,0,0,52,69,2,3,72,0,0,0,0,0,0,0,0,0,0,0,0,0,0,0
Isolated,Choice,5,68,6159,230330,151128,S23 FE exp,0% FE Top Right Isolation,3,2,66,52,38,35,18,1,1,65,0,0,0,0,0,0,0,0,0,0,0,0,0,0,0
Isolated,Choice,6,80,6159,230401,143518,S23 FE exp,0% FE Top Right Isolation,3,2,78,0,22,33,31,0,2,78,0,0,0,0,0,0,0,0,0,0,0,0,0,0,0
Isolated,Choice,7,80,6159,230402,150739,S23 FE exp,0% FE Top Right Isolation,3,0,80,0,0,67,55,0,0,80,0,0,0,0,0,0,0,0,0,0,0,0,0,0,0
Isolated,Choice,8,80,6159,230403,154317,S23 FE exp,0% FE Top Right Isolation,3,1,79,0,40,79,163,0,1,79,0,0,0,0,0,0,0,0,0,0,0,0,0,0,0
Isolated,Choice,9,80,6159,230404,133843,S23 FE exp,0% FE Top Right Isolation,3,0,80,0,0,42,91,0,0,80,0,0,0,0,0,0,0,0,0,0,0,0,0,0,0
Isolated,Choice,10,48,6159,230405,170447,S23 FE exp,0% FE Top Right Isolation,3,0,47,0,0,5,18,0,0,47,0,0,0,0,0,0,0,0,0,0,0,0,0,0,0
Isolated,Choice,11,76,6159,230406,140857,S23 FE exp,0% FE Top Right Isolation,3,0,75,0,0,10,16,0,0,75,0,0,0,0,0,0,0,0,0,0,0,0,0,0,0
Isolated,Choice,12,57,6159,230407,123830,S23 FE exp,0% FE Top Right Isolation,3,0,57,0,0,6,4,0,0,57,0,0,0,0,0,0,0,0,0,0,0,0,0,0,0
Isolated,Choice,13,67,6159,230408,150403,S23 FE exp,0% FE Top Right Isolation,3,0,66,0,0,13,27,0,0,66,0,0,0,0,0,0,0,0,0,0,0,0,0,0,0
Isolated,Choice,14,75,6159,230409,144057,S23 FE exp,0% FE Top Right Isolation,3,0,74,0,0,15,32,0,0,74,0,0,0,0,0,0,0,0,0,0,0,0,0,0,0
Isolated,Choice,15,80,6159,230410,142539,S23 FE exp,0% FE Top Right Isolation,3,0,80,0,0,2,11,0,0,80,0,0,0,0,0,0,0,0,0,0,0,0,0,0,0
Isolated,Choice,16,80,6159,230411,141814,S23 FE exp,0% FE Top Right Isolation,3,0,80,0,0,1,11,0,0,80,0,0,0,0,0,0,0,0,0,0,0,0,0,0,0
Isolated,Choice,17,80,6159,230412,142638,S23 FE exp,0% FE Top Right Isolation,3,0,80,0,0,3,4,0,0,80,0,0,0,0,0,0,0,0,0,0,0,0,0,0,0
Isolated,Choice,18,80,6159,230413,143625,S23 FE exp,0% FE Top Right Isolation,3,1,79,28,0,9,3,1,0,79,0,0,0,0,0,0,0,0,0,0,0,0,0,0,0
Isolated,Choice,19,80,6159,230414,135845,S23 FE exp,0% FE Top Right Isolation,3,0,80,0,0,30,54,0,0,80,0,0,0,0,0,0,0,0,0,0,0,0,0,0,0
Isolated,Choice,20,80,6159,230415,134126,S23 FE exp,0% FE Top Right Isolation,3,0,80,0,0,20,16,0,0,80,0,0,0,0,0,0,0,0,0,0,0,0,0,0,0
Isolated,Choice,21,80,6159,230416,135846,S23 FE exp,0% FE Top Right Isolation,3,0,80,0,0,23,10,0,0,80,0,0,0,0,0,0,0,0,0,0,0,0,0,0,0
Isolated,Choice,22,80,6159,230417,142608,S23 FE exp,0% FE Top Right Isolation,3,0,80,0,0,18,3,0,0,80,0,0,0,0,0,0,0,0,0,0,0,0,0,0,0
Isolated,Choice,1,80,14,230326,150118,S23 FE exp,0% FE Bottom Left Enrichment,5,44,36,387,155,294,110,22,22,36,0,0,0,0,0,0,0,0,0,0,0,0,0,0,0
Isolated,Choice,2,80,14,230327,151223,S23 FE exp,0% FE Bottom Left Enrichment,5,25,55,102,15,173,66,13,12,55,0,0,0,0,0,0,0,0,0,0,0,0,0,0,0
Isolated,Choice,3,80,14,230328,151144,S23 FE exp,0% FE Bottom Left Enrichment,5,9,71,14,4,120,47,4,5,71,0,0,0,0,0,0,0,0,0,0,0,0,0,0,0
Isolated,Choice,4,80,14,230329,165833,S23 FE exp,0% FE Bottom Left Enrichment,5,11,69,25,6,83,49,5,6,69,0,0,0,0,0,0,0,0,0,0,0,0,0,0,0
Isolated,Choice,5,80,14,230330,151128,S23 FE exp,0% FE Bottom Left Enrichment,5,8,72,31,2,69,77,4,4,72,0,0,0,0,0,0,0,0,0,0,0,0,0,0,0
Isolated,Choice,6,80,14,230401,143518,S23 FE exp,0% FE Bottom Left Enrichment,5,10,70,20,9,96,43,5,5,70,0,0,0,0,0,0,0,0,0,0,0,0,0,0,0
Isolated,Choice,7,80,14,230402,150739,S23 FE exp,0% FE Bottom Left Enrichment,5,4,76,6,1,76,48,2,2,76,0,0,0,0,0,0,0,0,0,0,0,0,0,0,0
Isolated,Choice,8,80,14,230403,154317,S23 FE exp,0% FE Bottom Left Enrichment,5,7,73,27,11,71,50,3,4,73,0,0,0,0,0,0,0,0,0,0,0,0,0,0,0
Isolated,Choice,9,80,14,230404,133843,S23 FE exp,0% FE Bottom Left Enrichment,5,28,52,63,31,41,9,14,14,52,0,0,0,0,0,0,0,0,0,0,0,0,0,0,0
Isolated,Choice,10,80,14,230405,170447,S23 FE exp,0% FE Bottom Left Enrichment,5,41,39,99,13,28,16,20,21,39,0,0,0,0,0,0,0,0,0,0,0,0,0,0,0
Isolated,Choice,11,80,14,230406,140857,S23 FE exp,0% FE Bottom Left Enrichment,5,29,51,71,4,42,21,15,14,51,0,0,0,0,0,0,0,0,0,0,0,0,0,0,0
Isolated,Choice,12,80,14,230407,123830,S23 FE exp,0% FE Bottom Left Enrichment,5,28,52,70,10,33,21,14,14,52,0,0,0,0,0,0,0,0,0,0,0,0,0,0,0
Isolated,Choice,13,80,14,230408,150403,S23 FE exp,0% FE Bottom Left Enrichment,5,28,52,61,13,30,35,14,14,52,0,0,0,0,0,0,0,0,0,0,0,0,0,0,0
Isolated,Choice,14,80,14,230409,144057,S23 FE exp,0% FE Bottom Left Enrichment,5,16,64,33,4,52,113,8,8,64,0,0,0,0,0,0,0,0,0,0,0,0,0,0,0
Isolated,Choice,15,80,14,230410,142539,S23 FE exp,0% FE Bottom Left Enrichment,5,27,53,45,7,51,50,13,14,53,0,0,0,0,0,0,0,0,0,0,0,0,0,0,0
Isolated,Choice,16,80,14,230411,141814,S23 FE exp,0% FE Bottom Left Isolation,5,19,61,19,4,35,48,9,10,61,0,0,0,0,0,0,0,0,0,0,0,0,0,0,0
Isolated,Choice,17,80,14,230412,142638,S23 FE exp,0% FE Bottom Left Isolation,5,23,57,29,4,45,57,11,12,57,0,0,0,0,0,0,0,0,0,0,0,0,0,0,0
Isolated,Choice,18,80,14,230413,143625,S23 FE exp,0% FE Bottom Left Isolation,5,18,62,18,6,40,46,9,9,62,0,0,0,0,0,0,0,0,0,0,0,0,0,0,0
Isolated,Choice,19,80,14,230414,135845,S23 FE exp,0% FE Bottom Left Isolation,5,17,63,17,3,41,37,9,8,63,0,0,0,0,0,0,0,0,0,0,0,0,0,0,0
Isolated,Choice,20,80,14,230415,134126,S23 FE exp,0% FE Bottom Left Isolation,5,24,56,24,4,35,30,12,12,56,0,0,0,0,0,0,0,0,0,0,0,0,0,0,0
Isolated,Choice,21,80,14,230416,135846,S23 FE exp,0% FE Bottom Left Isolation,5,30,50,24,9,29,23,15,15,50,0,0,0,0,0,0,0,0,0,0,0,0,0,0,0
Isolated,Choice,22,80,14,230417,142608,S23 FE exp,0% FE Bottom Left Isolation,5,15,65,14,6,44,63,7,8,65,0,0,0,0,0,0,0,0,0,0,0,0,0,0,0
Isolated,Choice,1,80,19,230409,144433,S23 FE exp,0% FE Ch. 4 Isolation,4,54,26,474,327,184,387,26,28,26,0,0,0,0,0,0,0,0,0,0,0,0,0,0,0
Isolated,Choice,2,80,19,230410,153230,S23 FE exp,0% FE Ch. 4 Isolation,4,67,13,923,159,35,338,34,33,13,0,0,0,0,0,0,0,0,0,0,0,0,0,0,0
Isolated,Choice,3,80,19,230411,153058,S23 FE exp,0% FE Ch. 4 Isolation,4,72,8,816,90,74,155,36,36,8,0,0,0,0,0,0,0,0,0,0,0,0,0,0,0
Isolated,Choice,4,80,19,230412,154709,S23 FE exp,0% FE Ch. 4 Isolation,4,57,22,495,38,63,153,29,28,22,0,0,0,0,0,0,0,0,0,0,0,0,0,0,0
Isolated,Choice,5,80,19,230413,161431,S23 FE exp,0% FE Ch. 4 Isolation,4,55,25,501,37,38,205,28,27,25,0,0,0,0,0,0,0,0,0,0,0,0,0,0,0
Isolated,Choice,6,56,19,230414,164018,S23 FE exp,0% FE Ch. 4 Isolation,4,41,14,179,21,15,46,20,21,14,0,0,0,0,0,0,0,0,0,0,0,0,0,0,0
Isolated,Choice,7,80,19,230415,134852,S23 FE exp,0% FE Ch. 3 Isolation,3,55,25,125,25,25,89,28,27,25,0,0,0,0,0,0,0,0,0,0,0,0,0,0,0
Isolated,Choice,8,80,19,230416,135936,S23 FE exp,0% FE Ch. 4 Isolation,3,38,42,55,23,43,100,19,19,42,0,0,0,0,0,0,0,0,0,0,0,0,0,0,0
Isolated,Choice,9,80,19,230417,155425,S23 FE exp,0% FE Ch. 3 Isolation,3,11,69,34,5,80,141,6,5,69,0,0,0,0,0,0,0,0,0,0,0,0,0,0,0
Isolated,Choice,10,80,19,230418,160148,S23 FE exp,0% FE Ch. 3 Isolation,3,10,70,20,8,90,61,4,6,70,0,0,0,0,0,0,0,0,0,0,0,0,0,0,0
Isolated,Choice,11,80,19,230419,161043,S23 FE exp,0% FE Ch. 3 Isolation,3,0,80,0,0,88,64,0,0,80,0,0,0,0,0,0,0,0,0,0,0,0,0,0,0
Isolated,Choice,12,70,19,230420,162043,S23 FE exp,0% FE Ch. 3 Isolation,3,3,66,5,2,47,36,1,2,66,0,0,0,0,0,0,0,0,0,0,0,0,0,0,0
Isolated,Choice,13,43,19,230421,130154,S23 FE exp,0% FE Ch. 3 Isolation,5,15,27,58,21,52,21,7,8,27,0,0,0,0,0,0,0,0,0,0,0,0,0,0,0
Isolated,Choice,14,61,19,230422,141632,S23 FE exp,0% FE Ch. 3 Isolation,3,2,58,7,2,46,37,1,1,58,0,0,0,0,0,0,0,0,0,0,0,0,0,0,0
Isolated,Choice,15,76,19,230424,154743,S23 FE exp,0% FE Ch. 3 Isolation,3,1,74,0,3,79,307,0,1,74,0,0,0,0,0,0,0,0,0,0,0,0,0,0,0
Isolated,Choice,16,80,19,230425,154329,S23 FE exp,0% FE Ch. 3 Isolation,3,4,76,9,2,41,118,2,2,76,0,0,0,0,0,0,0,0,0,0,0,0,0,0,0
Isolated,Choice,17,80,19,230426,155516,S23 FE exp,0% FE Ch. 3 Isolation,3,10,70,12,9,39,67,5,5,70,0,0,0,0,0,0,0,0,0,0,0,0,0,0,0
Isolated,Choice,18,80,19,230427,152743,S23 FE exp,0% FE Ch. 3 Isolation,3,2,78,0,2,44,80,0,2,78,0,0,0,0,0,0,0,0,0,0,0,0,0,0,0
Isolated,Choice,19,80,19,230428,155600,S23 FE exp,0% FE Ch. 3 Isolation,3,1,79,0,1,56,68,0,1,79,0,0,0,0,0,0,0,0,0,0,0,0,0,0,0
Isolated,Choice,20,43,19,230429,143835,S23 FE exp,0% FE Ch. 3 Isolation,3,8,34,8,1,30,28,4,4,34,0,0,0,0,0,0,0,0,0,0,0,0,0,0,0
Isolated,Choice,21,80,19,230430,163409,S23 FE exp,0% FE Ch. 3 Isolation,3,0,80,0,0,58,151,0,0,80,0,0,0,0,0,0,0,0,0,0,0,0,0,0,0
Isolated,Choice,22,46,19,230501,134041,S23 FE exp,0% FE Ch. 3 Isolation,3,0,45,0,0,37,43,0,0,45,0,0,0,0,0,0,0,0,0,0,0,0,0,0,0
Enriched,Choice,1,80,1269,230326,150118,S23 FE exp,0% FE Bottom Center enriched,6,22,58,348,400,611,510,11,11,58,0,0,0,0,0,0,0,0,0,0,0,0,0,0,0
Enriched,Choice,2,80,1269,230327,151223,S23 FE exp,0% FE Bottom Center enriched,6,24,56,350,167,422,383,12,12,56,0,0,0,0,0,0,0,0,0,0,0,0,0,0,0
Enriched,Choice,3,80,1269,230328,151144,S23 FE exp,0% FE Bottom Center enriched,6,13,67,235,48,171,113,7,6,67,0,0,0,0,0,0,0,0,0,0,0,0,0,0,0
Enriched,Choice,4,80,1269,230329,165833,S23 FE exp,0% FE Bottom Center enriched,6,22,58,363,63,58,79,12,10,58,0,0,0,0,0,0,0,0,0,0,0,0,0,0,0
Enriched,Choice,5,80,1269,230330,151128,S23 FE exp,0% FE Bottom Center enriched,6,13,67,198,28,185,100,6,7,67,0,0,0,0,0,0,0,0,0,0,0,0,0,0,0
Enriched,Choice,6,80,1269,230401,143518,S23 FE exp,0% FE Bottom Center enriched,6,18,62,316,19,253,160,8,10,62,0,0,0,0,0,0,0,0,0,0,0,0,0,0,0
Enriched,Choice,7,80,1269,230402,150739,S23 FE exp,0% FE Bottom Center enriched,6,20,60,353,35,251,124,10,10,60,0,0,0,0,0,0,0,0,0,0,0,0,0,0,0
Enriched,Choice,8,80,1269,230403,154317,S23 FE exp,0% FE Bottom Center enriched,6,19,61,379,65,172,80,10,9,61,0,0,0,0,0,0,0,0,0,0,0,0,0,0,0
Enriched,Choice,9,80,1269,230404,133843,S23 FE exp,0% FE Bottom Center enriched,6,11,69,191,3,177,122,6,5,69,0,0,0,0,0,0,0,0,0,0,0,0,0,0,0
Enriched,Choice,10,64,1269,230405,170448,S23 FE exp,0% FE Bottom Center enriched,6,9,54,126,9,39,132,4,5,54,0,0,0,0,0,0,0,0,0,0,0,0,0,0,0
Enriched,Choice,11,80,1269,230406,140857,S23 FE exp,0% FE Bottom Center enriched,6,18,62,225,48,88,87,8,10,62,0,0,0,0,0,0,0,0,0,0,0,0,0,0,0
Enriched,Choice,12,80,1269,230407,123830,S23 FE exp,0% FE Bottom Center enriched,6,13,67,127,11,42,46,6,7,67,0,0,0,0,0,0,0,0,0,0,0,0,0,0,0
Enriched,Choice,13,80,1269,230408,150403,S23 FE exp,0% FE Bottom Center enriched,6,6,74,39,46,83,67,3,3,74,0,0,0,0,0,0,0,0,0,0,0,0,0,0,0
Enriched,Choice,14,80,1269,230409,144057,S23 FE exp,0% FE Bottom Center enriched,6,20,60,209,29,44,62,10,10,60,0,0,0,0,0,0,0,0,0,0,0,0,0,0,0
Enriched,Choice,15,80,1269,230410,142539,S23 FE exp,0% FE Bottom Center enriched,6,12,68,145,7,108,137,6,6,68,0,0,0,0,0,0,0,0,0,0,0,0,0,0,0
Enriched,Choice,16,80,1269,230411,141814,S23 FE exp,0% FE Bottom Center Enrichment,6,20,60,200,16,99,77,10,10,60,0,0,0,0,0,0,0,0,0,0,0,0,0,0,0
Enriched,Choice,17,80,1269,230412,142638,S23 FE exp,0% FE Bottom Center Enrichment,6,22,58,232,13,49,71,11,11,58,0,0,0,0,0,0,0,0,0,0,0,0,0,0,0
Enriched,Choice,18,80,1269,230413,143625,S23 FE exp,0% FE Bottom Center Enrichment,6,18,62,142,9,52,84,9,9,62,0,0,0,0,0,0,0,0,0,0,0,0,0,0,0
Enriched,Choice,19,80,1269,230414,135845,S23 FE exp,0% FE Bottom Center Enrichment,6,13,67,84,10,48,76,6,7,67,0,0,0,0,0,0,0,0,0,0,0,0,0,0,0
Enriched,Choice,20,80,1269,230415,134126,S23 FE exp,0% FE Bottom Center Enrichment,6,16,64,117,18,66,102,8,8,64,0,0,0,0,0,0,0,0,0,0,0,0,0,0,0
Enriched,Choice,21,80,1269,230416,135846,S23 FE exp,0% FE Bottom Center Enrichment,6,9,71,64,12,82,206,4,5,71,0,0,0,0,0,0,0,0,0,0,0,0,0,0,0
Enriched,Choice,22,80,1269,230417,142608,S23 FE exp,0% FE Bottom Center Enrichment,6,17,63,113,35,146,304,8,9,63,0,0,0,0,0,0,0,0,0,0,0,0,0,0,0
Enriched,Choice,1,47,99,230326,150118,S23 FE exp,0% FE Bottom Right Isolation,7,34,12,101,315,158,4,16,18,12,0,0,0,0,0,0,0,0,0,0,0,0,0,0,0
Enriched,Choice,2,76,99,230327,151223,S23 FE exp,0% FE Bottom Right Isolation,7,9,66,0,87,356,83,4,5,66,0,0,0,0,0,0,0,0,0,0,0,0,0,0,0
Enriched,Choice,3,62,99,230328,151144,S23 FE exp,0% FE Bottom Right Isolation,7,4,57,45,1,146,89,2,2,57,0,0,0,0,0,0,0,0,0,0,0,0,0,0,0
Enriched,Choice,4,80,99,230329,165833,S23 FE exp,0% FE Bottom Right Isolation,7,7,73,53,39,317,214,3,4,73,0,0,0,0,0,0,0,0,0,0,0,0,0,0,0
Enriched,Choice,5,55,99,230330,151128,S23 FE exp,0% FE Bottom Right Isolation,7,9,45,41,6,218,133,4,5,45,0,0,0,0,0,0,0,0,0,0,0,0,0,0,0
Enriched,Choice,6,80,99,230401,143518,S23 FE exp,0% FE Bottom Right Isolation,7,0,80,0,0,362,187,0,0,80,0,0,0,0,0,0,0,0,0,0,0,0,0,0,0
Enriched,Choice,7,80,99,230402,150739,S23 FE exp,0% FE Bottom Right Isolation,7,10,70,46,3,423,422,5,5,70,0,0,0,0,0,0,0,0,0,0,0,0,0,0,0
Enriched,Choice,8,80,99,230403,154317,S23 FE exp,0% FE Bottom Right Isolation,7,10,70,14,4,364,320,6,4,70,0,0,0,0,0,0,0,0,0,0,0,0,0,0,0
Enriched,Choice,9,54,99,230404,,S23 FE exp,0% FE Bottom Right Isolation,7,12,42,19,0,113,127,6,6,42,0,0,0,0,0,0,0,0,0,0,0,0,0,0,0
Enriched,Choice,10,68,99,230405,170448,S23 FE exp,0% FE Bottom Right Isolation,7,23,44,6,2,6,4,11,12,44,0,0,0,0,0,0,0,0,0,0,0,0,0,0,0
Enriched,Choice,11,75,99,230406,130331,S23 FE exp,0% FE Bottom Right Isolation,7,8,67,8,0,36,56,4,3,67,0,0,0,0,0,0,0,0,0,0,0,0,0,0,0
Enriched,Choice,12,73,99,230407,123830,S23 FE exp,0% FE Bottom Right Isolation,7,10,63,37,33,67,50,5,5,62,0,0,0,0,0,0,0,0,0,0,0,0,0,0,0
Enriched,Choice,13,80,99,230408,150403,S23 FE exp,0% FE Bottom Right Isolation,7,23,57,127,5,85,96,12,11,57,0,0,0,0,0,0,0,0,0,0,0,0,0,0,0
Enriched,Choice,14,80,99,230409,144057,S23 FE exp,0% FE Bottom Right Isolation,7,68,12,602,14,17,20,34,34,12,0,0,0,0,0,0,0,0,0,0,0,0,0,0,0
Enriched,Choice,15,80,99,230410,142539,S23 FE exp,0% FE Bottom Right Isolation,7,71,9,649,58,37,28,35,36,9,0,0,0,0,0,0,0,0,0,0,0,0,0,0,0
Enriched,Choice,16,80,99,230411,141814,S23 FE exp,0% FE Bottom Right Enrichment,7,72,8,520,9,33,35,36,36,8,0,0,0,0,0,0,0,0,0,0,0,0,0,0,0
Enriched,Choice,17,80,99,230412,142638,S23 FE exp,0% FE Bottom Right Enrichment,7,67,13,262,3,54,45,33,34,13,0,0,0,0,0,0,0,0,0,0,0,0,0,0,0
Enriched,Choice,18,80,99,230413,143625,S23 FE exp,0% FE Bottom Right Enrichment,7,55,25,240,42,112,107,27,28,25,0,0,0,0,0,0,0,0,0,0,0,0,0,0,0
Enriched,Choice,19,80,99,230414,135845,S23 FE exp,0% FE Bottom Right Enrichment,7,59,21,445,8,107,70,30,29,21,0,0,0,0,0,0,0,0,0,0,0,0,0,0,0
Enriched,Choice,20,80,99,230415,134126,S23 FE exp,0% FE Bottom Right Enrichment,7,66,14,735,8,74,73,33,33,14,0,0,0,0,0,0,0,0,0,0,0,0,0,0,0
Enriched,Choice,21,80,99,230416,135846,S23 FE exp,0% FE Bottom Right Enrichment,7,58,22,650,6,91,95,29,29,22,0,0,0,0,0,0,0,0,0,0,0,0,0,0,0
Enriched,Choice,22,80,99,230417,142608,S23 FE exp,0% FE Bottom Right Enrichment,7,21,59,132,1,150,181,11,10,59,0,0,0,0,0,0,0,0,0,0,0,0,0,0,0
Enriched,Choice,1,80,100,230214,161942,S23 FE exp,0% FE Bottom Right Enrichment,7,55,25,953,847,375,353,27,28,25,0,0,0,0,0,0,0,0,0,0,0,0,0,0,0
Enriched,Choice,2,80,100,230215,165015,S23 FE exp,0% FE Bottom Right Enrichment,7,51,29,818,29,306,159,26,25,29,0,0,0,0,0,0,0,0,0,0,0,0,0,0,0
Enriched,Choice,3,80,100,230216,155931,S23 FE exp,0% FE Bottom Right Enrichment,7,69,11,897,20,80,80,35,34,11,0,0,0,0,0,0,0,0,0,0,0,0,0,0,0
Enriched,Choice,4,80,100,230217,160345,S23 FE exp,0% FE Bottom Right Enrichment,7,77,3,1079,39,23,14,38,39,3,0,0,0,0,0,0,0,0,0,0,0,0,0,0,0
Enriched,Choice,5,80,100,230218,174312,S23 FE exp,0% FE Bottom Right Enrichment,7,76,4,1073,110,20,41,38,38,4,0,0,0,0,0,0,0,0,0,0,0,0,0,0,0
Enriched,Choice,6,80,100,230219,170026,S23 FE exp,0% FE Bottom Right Enrichment,7,69,11,822,89,10,24,35,34,11,0,0,0,0,0,0,0,0,0,0,0,0,0,0,0
Enriched,Choice,7,80,100,230220,164201,S23 FE exp,0% FE Bottom Right Enrichment,7,74,6,571,35,38,5,38,36,6,0,0,0,0,0,0,0,0,0,0,0,0,0,0,0
Enriched,Choice,8,80,100,230221,160123,S23 FE exp,0% FE Bottom Right Enrichment,7,71,9,280,24,50,28,35,36,9,0,0,0,0,0,0,0,0,0,0,0,0,0,0,0
Enriched,Choice,9,80,100,230222,155922,S23 FE exp,0% FE Bottom Right Enrichment,7,38,42,141,35,107,50,18,20,42,0,0,0,0,0,0,0,0,0,0,0,0,0,0,0
Enriched,Choice,10,80,100,230223,190424,S23 FE exp,0% FE Bottom Right Enrichment,7,54,26,179,23,23,10,27,27,26,0,0,0,0,0,0,0,0,0,0,0,0,0,0,0
Enriched,Choice,11,80,100,230224,160255,S23 FE exp,0% FE Bottom Right Enrichment,7,51,29,119,11,8,13,25,26,29,0,0,0,0,0,0,0,0,0,0,0,0,0,0,0
Enriched,Choice,12,80,100,230225,145357,S23 FE exp,0% FE Bottom Right Enrichment,7,47,33,83,12,15,9,23,24,33,0,0,0,0,0,0,0,0,0,0,0,0,0,0,0
Enriched,Choice,13,80,100,230226,172407,S23 FE exp,0% FE Bottom Right Enrichment,7,56,24,64,8,15,6,28,28,24,0,0,0,0,0,0,0,0,0,0,0,0,0,0,0
Enriched,Choice,14,80,100,230227,162511,S23 FE exp,0% FE Bottom Right Enrichment,7,52,28,56,11,30,22,26,26,28,0,0,0,0,0,0,0,0,0,0,0,0,0,0,0
Enriched,Choice,15,80,100,230228,160956,S23 FE exp,0% FE Bottom Right Enrichment,7,64,16,87,67,16,3,32,32,16,0,0,0,0,0,0,0,0,0,0,0,0,0,0,0
Enriched,Choice,16,80,100,230301,160032,S23 FE exp,0% FE Bottom Right Enrichment,7,57,23,49,5,36,7,28,29,23,0,0,0,0,0,0,0,0,0,0,0,0,0,0,0
Enriched,Choice,17,80,100,230302,160510,S23 FE exp,0% FE Bottom Right Enrichment,7,59,21,35,15,25,2,29,30,21,0,0,0,0,0,0,0,0,0,0,0,0,0,0,0
Enriched,Choice,18,80,100,230303,153308,S23 FE exp,0% FE Bottom Right Enrichment,7,55,25,34,9,15,3,27,28,25,0,0,0,0,0,0,0,0,0,0,0,0,0,0,0
Enriched,Choice,19,80,100,230304,173910,S23 FE exp,0% FE Bottom Right Enrichment,7,69,11,51,23,22,0,35,34,11,0,0,0,0,0,0,0,0,0,0,0,0,0,0,0
Enriched,Choice,20,80,100,230305,162504,S23 FE exp,0% FE Bottom Right Enrichment,7,52,28,41,21,102,9,26,26,28,0,0,0,0,0,0,0,0,0,0,0,0,0,0,0
Enriched,Choice,21,80,100,230306,160040,S23 FE exp,0% FE Bottom Right Enrichment,7,61,19,48,13,78,5,31,30,19,0,0,0,0,0,0,0,0,0,0,0,0,0,0,0
Enriched,Choice,22,80,100,230307,155333,S23 FE exp,0% FE Bottom Right Enrichment,7,65,15,34,7,50,2,32,33,15,0,0,0,0,0,0,0,0,0,0,0,0,0,0,0
